SPECIES, TYPE, ABILITY
bulbasaur, grass, overgrow
bulbasaur, grass, chlorophyll
bulbasaur, poison, overgrow
bulbasaur, poison, chlorophyll
ivysaur, grass, overgrow
ivysaur, grass, chlorophyll
ivysaur, poison, overgrow
ivysaur, poison, chlorophyll
venusaur, grass, overgrow
venusaur, grass, chlorophyll
venusaur, poison, overgrow
venusaur, poison, chlorophyll
charmander, fire, blaze
charmander, fire, solar-power
charmeleon, fire, blaze
charmeleon, fire, solar-power
charizard, fire, blaze
charizard, fire, solar-power
charizard, flying, blaze
charizard, flying, solar-power
squirtle, water, torrent
squirtle, water, rain-dish
wartortle, water, torrent
wartortle, water, rain-dish
blastoise, water, torrent
blastoise, water, rain-dish
caterpie, bug, shield-dust
caterpie, bug, run-away
metapod, bug, shed-skin
butterfree, bug, compound-eyes
butterfree, bug, tinted-lens
butterfree, flying, compound-eyes
butterfree, flying, tinted-lens
weedle, bug, shield-dust
weedle, bug, run-away
weedle, poison, shield-dust
weedle, poison, run-away
kakuna, bug, shed-skin
kakuna, poison, shed-skin
beedrill, bug, swarm
beedrill, bug, sniper
beedrill, poison, swarm
beedrill, poison, sniper
pidgey, normal, keen-eye
pidgey, normal, tangled-feet
pidgey, normal, big-pecks
pidgey, flying, keen-eye
pidgey, flying, tangled-feet
pidgey, flying, big-pecks
pidgeotto, normal, keen-eye
pidgeotto, normal, tangled-feet
pidgeotto, normal, big-pecks
pidgeotto, flying, keen-eye
pidgeotto, flying, tangled-feet
pidgeotto, flying, big-pecks
pidgeot, normal, keen-eye
pidgeot, normal, tangled-feet
pidgeot, normal, big-pecks
pidgeot, flying, keen-eye
pidgeot, flying, tangled-feet
pidgeot, flying, big-pecks
rattata, normal, run-away
rattata, normal, guts
rattata, normal, hustle
raticate, normal, run-away
raticate, normal, guts
raticate, normal, hustle
spearow, normal, keen-eye
spearow, normal, sniper
spearow, flying, keen-eye
spearow, flying, sniper
fearow, normal, keen-eye
fearow, normal, sniper
fearow, flying, keen-eye
fearow, flying, sniper
ekans, poison, intimidate
ekans, poison, shed-skin
ekans, poison, unnerve
arbok, poison, intimidate
arbok, poison, shed-skin
arbok, poison, unnerve
pikachu, electric, static
pikachu, electric, lightning-rod
raichu, electric, static
raichu, electric, lightning-rod
sandshrew, ground, sand-veil
sandshrew, ground, sand-rush
sandslash, ground, sand-veil
sandslash, ground, sand-rush
nidoran-f, poison, poison-point
nidoran-f, poison, rivalry
nidoran-f, poison, hustle
nidorina, poison, poison-point
nidorina, poison, rivalry
nidorina, poison, hustle
nidoqueen, poison, poison-point
nidoqueen, poison, rivalry
nidoqueen, poison, sheer-force
nidoqueen, ground, poison-point
nidoqueen, ground, rivalry
nidoqueen, ground, sheer-force
nidoran-m, poison, poison-point
nidoran-m, poison, rivalry
nidoran-m, poison, hustle
nidorino, poison, poison-point
nidorino, poison, rivalry
nidorino, poison, hustle
nidoking, poison, poison-point
nidoking, poison, rivalry
nidoking, poison, sheer-force
nidoking, ground, poison-point
nidoking, ground, rivalry
nidoking, ground, sheer-force
clefairy, fairy, cute-charm
clefairy, fairy, magic-guard
clefairy, fairy, friend-guard
clefable, fairy, cute-charm
clefable, fairy, magic-guard
clefable, fairy, unaware
vulpix, fire, flash-fire
vulpix, fire, drought
ninetales, fire, flash-fire
ninetales, fire, drought
jigglypuff, normal, cute-charm
jigglypuff, normal, competitive
jigglypuff, normal, friend-guard
jigglypuff, fairy, cute-charm
jigglypuff, fairy, competitive
jigglypuff, fairy, friend-guard
wigglytuff, normal, cute-charm
wigglytuff, normal, competitive
wigglytuff, normal, frisk
wigglytuff, fairy, cute-charm
wigglytuff, fairy, competitive
wigglytuff, fairy, frisk
zubat, poison, inner-focus
zubat, poison, infiltrator
zubat, flying, inner-focus
zubat, flying, infiltrator
golbat, poison, inner-focus
golbat, poison, infiltrator
golbat, flying, inner-focus
golbat, flying, infiltrator
oddish, grass, chlorophyll
oddish, grass, run-away
oddish, poison, chlorophyll
oddish, poison, run-away
gloom, grass, chlorophyll
gloom, grass, stench
gloom, poison, chlorophyll
gloom, poison, stench
vileplume, grass, chlorophyll
vileplume, grass, effect-spore
vileplume, poison, chlorophyll
vileplume, poison, effect-spore
paras, bug, effect-spore
paras, bug, dry-skin
paras, bug, damp
paras, grass, effect-spore
paras, grass, dry-skin
paras, grass, damp
parasect, bug, effect-spore
parasect, bug, dry-skin
parasect, bug, damp
parasect, grass, effect-spore
parasect, grass, dry-skin
parasect, grass, damp
venonat, bug, compound-eyes
venonat, bug, tinted-lens
venonat, bug, run-away
venonat, poison, compound-eyes
venonat, poison, tinted-lens
venonat, poison, run-away
venomoth, bug, shield-dust
venomoth, bug, tinted-lens
venomoth, bug, wonder-skin
venomoth, poison, shield-dust
venomoth, poison, tinted-lens
venomoth, poison, wonder-skin
diglett, ground, sand-veil
diglett, ground, arena-trap
diglett, ground, sand-force
dugtrio, ground, sand-veil
dugtrio, ground, arena-trap
dugtrio, ground, sand-force
meowth, normal, pickup
meowth, normal, technician
meowth, normal, unnerve
persian, normal, limber
persian, normal, technician
persian, normal, unnerve
psyduck, water, damp
psyduck, water, cloud-nine
psyduck, water, swift-swim
golduck, water, damp
golduck, water, cloud-nine
golduck, water, swift-swim
mankey, fighting, vital-spirit
mankey, fighting, anger-point
mankey, fighting, defiant
primeape, fighting, vital-spirit
primeape, fighting, anger-point
primeape, fighting, defiant
growlithe, fire, intimidate
growlithe, fire, flash-fire
growlithe, fire, justified
arcanine, fire, intimidate
arcanine, fire, flash-fire
arcanine, fire, justified
poliwag, water, water-absorb
poliwag, water, damp
poliwag, water, swift-swim
poliwhirl, water, water-absorb
poliwhirl, water, damp
poliwhirl, water, swift-swim
poliwrath, water, water-absorb
poliwrath, water, damp
poliwrath, water, swift-swim
poliwrath, fighting, water-absorb
poliwrath, fighting, damp
poliwrath, fighting, swift-swim
abra, psychic, synchronize
abra, psychic, inner-focus
abra, psychic, magic-guard
kadabra, psychic, synchronize
kadabra, psychic, inner-focus
kadabra, psychic, magic-guard
alakazam, psychic, synchronize
alakazam, psychic, inner-focus
alakazam, psychic, magic-guard
machop, fighting, guts
machop, fighting, no-guard
machop, fighting, steadfast
machoke, fighting, guts
machoke, fighting, no-guard
machoke, fighting, steadfast
machamp, fighting, guts
machamp, fighting, no-guard
machamp, fighting, steadfast
bellsprout, grass, chlorophyll
bellsprout, grass, gluttony
bellsprout, poison, chlorophyll
bellsprout, poison, gluttony
weepinbell, grass, chlorophyll
weepinbell, grass, gluttony
weepinbell, poison, chlorophyll
weepinbell, poison, gluttony
victreebel, grass, chlorophyll
victreebel, grass, gluttony
victreebel, poison, chlorophyll
victreebel, poison, gluttony
tentacool, water, clear-body
tentacool, water, liquid-ooze
tentacool, water, rain-dish
tentacool, poison, clear-body
tentacool, poison, liquid-ooze
tentacool, poison, rain-dish
tentacruel, water, clear-body
tentacruel, water, liquid-ooze
tentacruel, water, rain-dish
tentacruel, poison, clear-body
tentacruel, poison, liquid-ooze
tentacruel, poison, rain-dish
geodude, rock, rock-head
geodude, rock, sturdy
geodude, rock, sand-veil
geodude, ground, rock-head
geodude, ground, sturdy
geodude, ground, sand-veil
graveler, rock, rock-head
graveler, rock, sturdy
graveler, rock, sand-veil
graveler, ground, rock-head
graveler, ground, sturdy
graveler, ground, sand-veil
golem, rock, rock-head
golem, rock, sturdy
golem, rock, sand-veil
golem, ground, rock-head
golem, ground, sturdy
golem, ground, sand-veil
ponyta, fire, run-away
ponyta, fire, flash-fire
ponyta, fire, flame-body
rapidash, fire, run-away
rapidash, fire, flash-fire
rapidash, fire, flame-body
slowpoke, water, oblivious
slowpoke, water, own-tempo
slowpoke, water, regenerator
slowpoke, psychic, oblivious
slowpoke, psychic, own-tempo
slowpoke, psychic, regenerator
slowbro, water, oblivious
slowbro, water, own-tempo
slowbro, water, regenerator
slowbro, psychic, oblivious
slowbro, psychic, own-tempo
slowbro, psychic, regenerator
magnemite, electric, magnet-pull
magnemite, electric, sturdy
magnemite, electric, analytic
magnemite, steel, magnet-pull
magnemite, steel, sturdy
magnemite, steel, analytic
magneton, electric, magnet-pull
magneton, electric, sturdy
magneton, electric, analytic
magneton, steel, magnet-pull
magneton, steel, sturdy
magneton, steel, analytic
farfetchd, normal, keen-eye
farfetchd, normal, inner-focus
farfetchd, normal, defiant
farfetchd, flying, keen-eye
farfetchd, flying, inner-focus
farfetchd, flying, defiant
doduo, normal, run-away
doduo, normal, early-bird
doduo, normal, tangled-feet
doduo, flying, run-away
doduo, flying, early-bird
doduo, flying, tangled-feet
dodrio, normal, run-away
dodrio, normal, early-bird
dodrio, normal, tangled-feet
dodrio, flying, run-away
dodrio, flying, early-bird
dodrio, flying, tangled-feet
seel, water, thick-fat
seel, water, hydration
seel, water, ice-body
dewgong, water, thick-fat
dewgong, water, hydration
dewgong, water, ice-body
dewgong, ice, thick-fat
dewgong, ice, hydration
dewgong, ice, ice-body
grimer, poison, stench
grimer, poison, sticky-hold
grimer, poison, poison-touch
muk, poison, stench
muk, poison, sticky-hold
muk, poison, poison-touch
shellder, water, shell-armor
shellder, water, skill-link
shellder, water, overcoat
cloyster, water, shell-armor
cloyster, water, skill-link
cloyster, water, overcoat
cloyster, ice, shell-armor
cloyster, ice, skill-link
cloyster, ice, overcoat
gastly, ghost, levitate
gastly, poison, levitate
haunter, ghost, levitate
haunter, poison, levitate
gengar, ghost, cursed-body
gengar, poison, cursed-body
onix, rock, rock-head
onix, rock, sturdy
onix, rock, weak-armor
onix, ground, rock-head
onix, ground, sturdy
onix, ground, weak-armor
drowzee, psychic, insomnia
drowzee, psychic, forewarn
drowzee, psychic, inner-focus
hypno, psychic, insomnia
hypno, psychic, forewarn
hypno, psychic, inner-focus
krabby, water, hyper-cutter
krabby, water, shell-armor
krabby, water, sheer-force
kingler, water, hyper-cutter
kingler, water, shell-armor
kingler, water, sheer-force
voltorb, electric, soundproof
voltorb, electric, static
voltorb, electric, aftermath
electrode, electric, soundproof
electrode, electric, static
electrode, electric, aftermath
exeggcute, grass, chlorophyll
exeggcute, grass, harvest
exeggcute, psychic, chlorophyll
exeggcute, psychic, harvest
exeggutor, grass, chlorophyll
exeggutor, grass, harvest
exeggutor, psychic, chlorophyll
exeggutor, psychic, harvest
cubone, ground, rock-head
cubone, ground, lightning-rod
cubone, ground, battle-armor
marowak, ground, rock-head
marowak, ground, lightning-rod
marowak, ground, battle-armor
hitmonlee, fighting, limber
hitmonlee, fighting, reckless
hitmonlee, fighting, unburden
hitmonchan, fighting, keen-eye
hitmonchan, fighting, iron-fist
hitmonchan, fighting, inner-focus
lickitung, normal, own-tempo
lickitung, normal, oblivious
lickitung, normal, cloud-nine
koffing, poison, levitate
weezing, poison, levitate
rhyhorn, ground, lightning-rod
rhyhorn, ground, rock-head
rhyhorn, ground, reckless
rhyhorn, rock, lightning-rod
rhyhorn, rock, rock-head
rhyhorn, rock, reckless
rhydon, ground, lightning-rod
rhydon, ground, rock-head
rhydon, ground, reckless
rhydon, rock, lightning-rod
rhydon, rock, rock-head
rhydon, rock, reckless
chansey, normal, natural-cure
chansey, normal, serene-grace
chansey, normal, healer
tangela, grass, chlorophyll
tangela, grass, leaf-guard
tangela, grass, regenerator
kangaskhan, normal, early-bird
kangaskhan, normal, scrappy
kangaskhan, normal, inner-focus
horsea, water, swift-swim
horsea, water, sniper
horsea, water, damp
seadra, water, poison-point
seadra, water, sniper
seadra, water, damp
goldeen, water, swift-swim
goldeen, water, water-veil
goldeen, water, lightning-rod
seaking, water, swift-swim
seaking, water, water-veil
seaking, water, lightning-rod
staryu, water, illuminate
staryu, water, natural-cure
staryu, water, analytic
starmie, water, illuminate
starmie, water, natural-cure
starmie, water, analytic
starmie, psychic, illuminate
starmie, psychic, natural-cure
starmie, psychic, analytic
mr-mime, psychic, soundproof
mr-mime, psychic, filter
mr-mime, psychic, technician
mr-mime, fairy, soundproof
mr-mime, fairy, filter
mr-mime, fairy, technician
scyther, bug, swarm
scyther, bug, technician
scyther, bug, steadfast
scyther, flying, swarm
scyther, flying, technician
scyther, flying, steadfast
jynx, ice, oblivious
jynx, ice, forewarn
jynx, ice, dry-skin
jynx, psychic, oblivious
jynx, psychic, forewarn
jynx, psychic, dry-skin
electabuzz, electric, static
electabuzz, electric, vital-spirit
magmar, fire, flame-body
magmar, fire, vital-spirit
pinsir, bug, hyper-cutter
pinsir, bug, mold-breaker
pinsir, bug, moxie
tauros, normal, intimidate
tauros, normal, anger-point
tauros, normal, sheer-force
magikarp, water, swift-swim
magikarp, water, rattled
gyarados, water, intimidate
gyarados, water, moxie
gyarados, flying, intimidate
gyarados, flying, moxie
lapras, water, water-absorb
lapras, water, shell-armor
lapras, water, hydration
lapras, ice, water-absorb
lapras, ice, shell-armor
lapras, ice, hydration
ditto, normal, limber
ditto, normal, imposter
eevee, normal, run-away
eevee, normal, adaptability
eevee, normal, anticipation
vaporeon, water, water-absorb
vaporeon, water, hydration
jolteon, electric, volt-absorb
jolteon, electric, quick-feet
flareon, fire, flash-fire
flareon, fire, guts
porygon, normal, trace
porygon, normal, download
porygon, normal, analytic
omanyte, rock, swift-swim
omanyte, rock, shell-armor
omanyte, rock, weak-armor
omanyte, water, swift-swim
omanyte, water, shell-armor
omanyte, water, weak-armor
omastar, rock, swift-swim
omastar, rock, shell-armor
omastar, rock, weak-armor
omastar, water, swift-swim
omastar, water, shell-armor
omastar, water, weak-armor
kabuto, rock, swift-swim
kabuto, rock, battle-armor
kabuto, rock, weak-armor
kabuto, water, swift-swim
kabuto, water, battle-armor
kabuto, water, weak-armor
kabutops, rock, swift-swim
kabutops, rock, battle-armor
kabutops, rock, weak-armor
kabutops, water, swift-swim
kabutops, water, battle-armor
kabutops, water, weak-armor
aerodactyl, rock, rock-head
aerodactyl, rock, pressure
aerodactyl, rock, unnerve
aerodactyl, flying, rock-head
aerodactyl, flying, pressure
aerodactyl, flying, unnerve
snorlax, normal, immunity
snorlax, normal, thick-fat
snorlax, normal, gluttony
articuno, ice, pressure
articuno, ice, snow-cloak
articuno, flying, pressure
articuno, flying, snow-cloak
zapdos, electric, pressure
zapdos, electric, static
zapdos, flying, pressure
zapdos, flying, static
moltres, fire, pressure
moltres, fire, flame-body
moltres, flying, pressure
moltres, flying, flame-body
dratini, dragon, shed-skin
dratini, dragon, marvel-scale
dragonair, dragon, shed-skin
dragonair, dragon, marvel-scale
dragonite, dragon, inner-focus
dragonite, dragon, multiscale
dragonite, flying, inner-focus
dragonite, flying, multiscale
mewtwo, psychic, pressure
mewtwo, psychic, unnerve
mew, psychic, synchronize
chikorita, grass, overgrow
chikorita, grass, leaf-guard
bayleef, grass, overgrow
bayleef, grass, leaf-guard
meganium, grass, overgrow
meganium, grass, leaf-guard
cyndaquil, fire, blaze
cyndaquil, fire, flash-fire
quilava, fire, blaze
quilava, fire, flash-fire
typhlosion, fire, blaze
typhlosion, fire, flash-fire
totodile, water, torrent
totodile, water, sheer-force
croconaw, water, torrent
croconaw, water, sheer-force
feraligatr, water, torrent
feraligatr, water, sheer-force
sentret, normal, run-away
sentret, normal, keen-eye
sentret, normal, frisk
furret, normal, run-away
furret, normal, keen-eye
furret, normal, frisk
hoothoot, normal, insomnia
hoothoot, normal, keen-eye
hoothoot, normal, tinted-lens
hoothoot, flying, insomnia
hoothoot, flying, keen-eye
hoothoot, flying, tinted-lens
noctowl, normal, insomnia
noctowl, normal, keen-eye
noctowl, normal, tinted-lens
noctowl, flying, insomnia
noctowl, flying, keen-eye
noctowl, flying, tinted-lens
ledyba, bug, swarm
ledyba, bug, early-bird
ledyba, bug, rattled
ledyba, flying, swarm
ledyba, flying, early-bird
ledyba, flying, rattled
ledian, bug, swarm
ledian, bug, early-bird
ledian, bug, iron-fist
ledian, flying, swarm
ledian, flying, early-bird
ledian, flying, iron-fist
spinarak, bug, swarm
spinarak, bug, insomnia
spinarak, bug, sniper
spinarak, poison, swarm
spinarak, poison, insomnia
spinarak, poison, sniper
ariados, bug, swarm
ariados, bug, insomnia
ariados, bug, sniper
ariados, poison, swarm
ariados, poison, insomnia
ariados, poison, sniper
crobat, poison, inner-focus
crobat, poison, infiltrator
crobat, flying, inner-focus
crobat, flying, infiltrator
chinchou, water, volt-absorb
chinchou, water, illuminate
chinchou, water, water-absorb
chinchou, electric, volt-absorb
chinchou, electric, illuminate
chinchou, electric, water-absorb
lanturn, water, volt-absorb
lanturn, water, illuminate
lanturn, water, water-absorb
lanturn, electric, volt-absorb
lanturn, electric, illuminate
lanturn, electric, water-absorb
pichu, electric, static
pichu, electric, lightning-rod
cleffa, fairy, cute-charm
cleffa, fairy, magic-guard
cleffa, fairy, friend-guard
igglybuff, normal, cute-charm
igglybuff, normal, competitive
igglybuff, normal, friend-guard
igglybuff, fairy, cute-charm
igglybuff, fairy, competitive
igglybuff, fairy, friend-guard
togepi, fairy, hustle
togepi, fairy, serene-grace
togepi, fairy, super-luck
togetic, fairy, hustle
togetic, fairy, serene-grace
togetic, fairy, super-luck
togetic, flying, hustle
togetic, flying, serene-grace
togetic, flying, super-luck
natu, psychic, synchronize
natu, psychic, early-bird
natu, psychic, magic-bounce
natu, flying, synchronize
natu, flying, early-bird
natu, flying, magic-bounce
xatu, psychic, synchronize
xatu, psychic, early-bird
xatu, psychic, magic-bounce
xatu, flying, synchronize
xatu, flying, early-bird
xatu, flying, magic-bounce
mareep, electric, static
mareep, electric, plus
flaaffy, electric, static
flaaffy, electric, plus
ampharos, electric, static
ampharos, electric, plus
bellossom, grass, chlorophyll
bellossom, grass, healer
marill, water, thick-fat
marill, water, huge-power
marill, water, sap-sipper
marill, fairy, thick-fat
marill, fairy, huge-power
marill, fairy, sap-sipper
azumarill, water, thick-fat
azumarill, water, huge-power
azumarill, water, sap-sipper
azumarill, fairy, thick-fat
azumarill, fairy, huge-power
azumarill, fairy, sap-sipper
sudowoodo, rock, sturdy
sudowoodo, rock, rock-head
sudowoodo, rock, rattled
politoed, water, water-absorb
politoed, water, damp
politoed, water, drizzle
hoppip, grass, chlorophyll
hoppip, grass, leaf-guard
hoppip, grass, infiltrator
hoppip, flying, chlorophyll
hoppip, flying, leaf-guard
hoppip, flying, infiltrator
skiploom, grass, chlorophyll
skiploom, grass, leaf-guard
skiploom, grass, infiltrator
skiploom, flying, chlorophyll
skiploom, flying, leaf-guard
skiploom, flying, infiltrator
jumpluff, grass, chlorophyll
jumpluff, grass, leaf-guard
jumpluff, grass, infiltrator
jumpluff, flying, chlorophyll
jumpluff, flying, leaf-guard
jumpluff, flying, infiltrator
aipom, normal, run-away
aipom, normal, pickup
aipom, normal, skill-link
sunkern, grass, chlorophyll
sunkern, grass, solar-power
sunkern, grass, early-bird
sunflora, grass, chlorophyll
sunflora, grass, solar-power
sunflora, grass, early-bird
yanma, bug, speed-boost
yanma, bug, compound-eyes
yanma, bug, frisk
yanma, flying, speed-boost
yanma, flying, compound-eyes
yanma, flying, frisk
wooper, water, damp
wooper, water, water-absorb
wooper, water, unaware
wooper, ground, damp
wooper, ground, water-absorb
wooper, ground, unaware
quagsire, water, damp
quagsire, water, water-absorb
quagsire, water, unaware
quagsire, ground, damp
quagsire, ground, water-absorb
quagsire, ground, unaware
espeon, psychic, synchronize
espeon, psychic, magic-bounce
umbreon, dark, synchronize
umbreon, dark, inner-focus
murkrow, dark, insomnia
murkrow, dark, super-luck
murkrow, dark, prankster
murkrow, flying, insomnia
murkrow, flying, super-luck
murkrow, flying, prankster
slowking, water, oblivious
slowking, water, own-tempo
slowking, water, regenerator
slowking, psychic, oblivious
slowking, psychic, own-tempo
slowking, psychic, regenerator
misdreavus, ghost, levitate
unown, psychic, levitate
wobbuffet, psychic, shadow-tag
wobbuffet, psychic, telepathy
girafarig, normal, inner-focus
girafarig, normal, early-bird
girafarig, normal, sap-sipper
girafarig, psychic, inner-focus
girafarig, psychic, early-bird
girafarig, psychic, sap-sipper
pineco, bug, sturdy
pineco, bug, overcoat
forretress, bug, sturdy
forretress, bug, overcoat
forretress, steel, sturdy
forretress, steel, overcoat
dunsparce, normal, serene-grace
dunsparce, normal, run-away
dunsparce, normal, rattled
gligar, ground, hyper-cutter
gligar, ground, sand-veil
gligar, ground, immunity
gligar, flying, hyper-cutter
gligar, flying, sand-veil
gligar, flying, immunity
steelix, steel, rock-head
steelix, steel, sturdy
steelix, steel, sheer-force
steelix, ground, rock-head
steelix, ground, sturdy
steelix, ground, sheer-force
snubbull, fairy, intimidate
snubbull, fairy, run-away
snubbull, fairy, rattled
granbull, fairy, intimidate
granbull, fairy, quick-feet
granbull, fairy, rattled
qwilfish, water, poison-point
qwilfish, water, swift-swim
qwilfish, water, intimidate
qwilfish, poison, poison-point
qwilfish, poison, swift-swim
qwilfish, poison, intimidate
scizor, bug, swarm
scizor, bug, technician
scizor, bug, light-metal
scizor, steel, swarm
scizor, steel, technician
scizor, steel, light-metal
shuckle, bug, sturdy
shuckle, bug, gluttony
shuckle, bug, contrary
shuckle, rock, sturdy
shuckle, rock, gluttony
shuckle, rock, contrary
heracross, bug, swarm
heracross, bug, guts
heracross, bug, moxie
heracross, fighting, swarm
heracross, fighting, guts
heracross, fighting, moxie
sneasel, dark, inner-focus
sneasel, dark, keen-eye
sneasel, dark, pickpocket
sneasel, ice, inner-focus
sneasel, ice, keen-eye
sneasel, ice, pickpocket
teddiursa, normal, pickup
teddiursa, normal, quick-feet
teddiursa, normal, honey-gather
ursaring, normal, guts
ursaring, normal, quick-feet
ursaring, normal, unnerve
slugma, fire, magma-armor
slugma, fire, flame-body
slugma, fire, weak-armor
magcargo, fire, magma-armor
magcargo, fire, flame-body
magcargo, fire, weak-armor
magcargo, rock, magma-armor
magcargo, rock, flame-body
magcargo, rock, weak-armor
swinub, ice, oblivious
swinub, ice, snow-cloak
swinub, ice, thick-fat
swinub, ground, oblivious
swinub, ground, snow-cloak
swinub, ground, thick-fat
piloswine, ice, oblivious
piloswine, ice, snow-cloak
piloswine, ice, thick-fat
piloswine, ground, oblivious
piloswine, ground, snow-cloak
piloswine, ground, thick-fat
corsola, water, hustle
corsola, water, natural-cure
corsola, water, regenerator
corsola, rock, hustle
corsola, rock, natural-cure
corsola, rock, regenerator
remoraid, water, hustle
remoraid, water, sniper
remoraid, water, moody
octillery, water, suction-cups
octillery, water, sniper
octillery, water, moody
delibird, ice, vital-spirit
delibird, ice, hustle
delibird, ice, insomnia
delibird, flying, vital-spirit
delibird, flying, hustle
delibird, flying, insomnia
mantine, water, swift-swim
mantine, water, water-absorb
mantine, water, water-veil
mantine, flying, swift-swim
mantine, flying, water-absorb
mantine, flying, water-veil
skarmory, steel, keen-eye
skarmory, steel, sturdy
skarmory, steel, weak-armor
skarmory, flying, keen-eye
skarmory, flying, sturdy
skarmory, flying, weak-armor
houndour, dark, early-bird
houndour, dark, flash-fire
houndour, dark, unnerve
houndour, fire, early-bird
houndour, fire, flash-fire
houndour, fire, unnerve
houndoom, dark, early-bird
houndoom, dark, flash-fire
houndoom, dark, unnerve
houndoom, fire, early-bird
houndoom, fire, flash-fire
houndoom, fire, unnerve
kingdra, water, swift-swim
kingdra, water, sniper
kingdra, water, damp
kingdra, dragon, swift-swim
kingdra, dragon, sniper
kingdra, dragon, damp
phanpy, ground, pickup
phanpy, ground, sand-veil
donphan, ground, sturdy
donphan, ground, sand-veil
porygon2, normal, trace
porygon2, normal, download
porygon2, normal, analytic
stantler, normal, intimidate
stantler, normal, frisk
stantler, normal, sap-sipper
smeargle, normal, own-tempo
smeargle, normal, technician
smeargle, normal, moody
tyrogue, fighting, guts
tyrogue, fighting, steadfast
tyrogue, fighting, vital-spirit
hitmontop, fighting, intimidate
hitmontop, fighting, technician
hitmontop, fighting, steadfast
smoochum, ice, oblivious
smoochum, ice, forewarn
smoochum, ice, hydration
smoochum, psychic, oblivious
smoochum, psychic, forewarn
smoochum, psychic, hydration
elekid, electric, static
elekid, electric, vital-spirit
magby, fire, flame-body
magby, fire, vital-spirit
miltank, normal, thick-fat
miltank, normal, scrappy
miltank, normal, sap-sipper
blissey, normal, natural-cure
blissey, normal, serene-grace
blissey, normal, healer
raikou, electric, pressure
raikou, electric, inner-focus
entei, fire, pressure
entei, fire, inner-focus
suicune, water, pressure
suicune, water, inner-focus
larvitar, rock, guts
larvitar, rock, sand-veil
larvitar, ground, guts
larvitar, ground, sand-veil
pupitar, rock, shed-skin
pupitar, ground, shed-skin
tyranitar, rock, sand-stream
tyranitar, rock, unnerve
tyranitar, dark, sand-stream
tyranitar, dark, unnerve
lugia, psychic, pressure
lugia, psychic, multiscale
lugia, flying, pressure
lugia, flying, multiscale
ho-oh, fire, pressure
ho-oh, fire, regenerator
ho-oh, flying, pressure
ho-oh, flying, regenerator
celebi, psychic, natural-cure
celebi, grass, natural-cure
treecko, grass, overgrow
treecko, grass, unburden
grovyle, grass, overgrow
grovyle, grass, unburden
sceptile, grass, overgrow
sceptile, grass, unburden
torchic, fire, blaze
torchic, fire, speed-boost
combusken, fire, blaze
combusken, fire, speed-boost
combusken, fighting, blaze
combusken, fighting, speed-boost
blaziken, fire, blaze
blaziken, fire, speed-boost
blaziken, fighting, blaze
blaziken, fighting, speed-boost
mudkip, water, torrent
mudkip, water, damp
marshtomp, water, torrent
marshtomp, water, damp
marshtomp, ground, torrent
marshtomp, ground, damp
swampert, water, torrent
swampert, water, damp
swampert, ground, torrent
swampert, ground, damp
poochyena, dark, run-away
poochyena, dark, quick-feet
poochyena, dark, rattled
mightyena, dark, intimidate
mightyena, dark, quick-feet
mightyena, dark, moxie
zigzagoon, normal, pickup
zigzagoon, normal, gluttony
zigzagoon, normal, quick-feet
linoone, normal, pickup
linoone, normal, gluttony
linoone, normal, quick-feet
wurmple, bug, shield-dust
wurmple, bug, run-away
silcoon, bug, shed-skin
beautifly, bug, swarm
beautifly, bug, rivalry
beautifly, flying, swarm
beautifly, flying, rivalry
cascoon, bug, shed-skin
dustox, bug, shield-dust
dustox, bug, compound-eyes
dustox, poison, shield-dust
dustox, poison, compound-eyes
lotad, water, swift-swim
lotad, water, rain-dish
lotad, water, own-tempo
lotad, grass, swift-swim
lotad, grass, rain-dish
lotad, grass, own-tempo
lombre, water, swift-swim
lombre, water, rain-dish
lombre, water, own-tempo
lombre, grass, swift-swim
lombre, grass, rain-dish
lombre, grass, own-tempo
ludicolo, water, swift-swim
ludicolo, water, rain-dish
ludicolo, water, own-tempo
ludicolo, grass, swift-swim
ludicolo, grass, rain-dish
ludicolo, grass, own-tempo
seedot, grass, chlorophyll
seedot, grass, early-bird
seedot, grass, pickpocket
nuzleaf, grass, chlorophyll
nuzleaf, grass, early-bird
nuzleaf, grass, pickpocket
nuzleaf, dark, chlorophyll
nuzleaf, dark, early-bird
nuzleaf, dark, pickpocket
shiftry, grass, chlorophyll
shiftry, grass, early-bird
shiftry, grass, pickpocket
shiftry, dark, chlorophyll
shiftry, dark, early-bird
shiftry, dark, pickpocket
taillow, normal, guts
taillow, normal, scrappy
taillow, flying, guts
taillow, flying, scrappy
swellow, normal, guts
swellow, normal, scrappy
swellow, flying, guts
swellow, flying, scrappy
wingull, water, keen-eye
wingull, water, hydration
wingull, water, rain-dish
wingull, flying, keen-eye
wingull, flying, hydration
wingull, flying, rain-dish
pelipper, water, keen-eye
pelipper, water, drizzle
pelipper, water, rain-dish
pelipper, flying, keen-eye
pelipper, flying, drizzle
pelipper, flying, rain-dish
ralts, psychic, synchronize
ralts, psychic, trace
ralts, psychic, telepathy
ralts, fairy, synchronize
ralts, fairy, trace
ralts, fairy, telepathy
kirlia, psychic, synchronize
kirlia, psychic, trace
kirlia, psychic, telepathy
kirlia, fairy, synchronize
kirlia, fairy, trace
kirlia, fairy, telepathy
gardevoir, psychic, synchronize
gardevoir, psychic, trace
gardevoir, psychic, telepathy
gardevoir, fairy, synchronize
gardevoir, fairy, trace
gardevoir, fairy, telepathy
surskit, bug, swift-swim
surskit, bug, rain-dish
surskit, water, swift-swim
surskit, water, rain-dish
masquerain, bug, intimidate
masquerain, bug, unnerve
masquerain, flying, intimidate
masquerain, flying, unnerve
shroomish, grass, effect-spore
shroomish, grass, poison-heal
shroomish, grass, quick-feet
breloom, grass, effect-spore
breloom, grass, poison-heal
breloom, grass, technician
breloom, fighting, effect-spore
breloom, fighting, poison-heal
breloom, fighting, technician
slakoth, normal, truant
vigoroth, normal, vital-spirit
slaking, normal, truant
nincada, bug, compound-eyes
nincada, bug, run-away
nincada, ground, compound-eyes
nincada, ground, run-away
ninjask, bug, speed-boost
ninjask, bug, infiltrator
ninjask, flying, speed-boost
ninjask, flying, infiltrator
shedinja, bug, wonder-guard
shedinja, ghost, wonder-guard
whismur, normal, soundproof
whismur, normal, rattled
loudred, normal, soundproof
loudred, normal, scrappy
exploud, normal, soundproof
exploud, normal, scrappy
makuhita, fighting, thick-fat
makuhita, fighting, guts
makuhita, fighting, sheer-force
hariyama, fighting, thick-fat
hariyama, fighting, guts
hariyama, fighting, sheer-force
azurill, normal, thick-fat
azurill, normal, huge-power
azurill, normal, sap-sipper
azurill, fairy, thick-fat
azurill, fairy, huge-power
azurill, fairy, sap-sipper
nosepass, rock, sturdy
nosepass, rock, magnet-pull
nosepass, rock, sand-force
skitty, normal, cute-charm
skitty, normal, normalize
skitty, normal, wonder-skin
delcatty, normal, cute-charm
delcatty, normal, normalize
delcatty, normal, wonder-skin
sableye, dark, keen-eye
sableye, dark, stall
sableye, dark, prankster
sableye, ghost, keen-eye
sableye, ghost, stall
sableye, ghost, prankster
mawile, steel, hyper-cutter
mawile, steel, intimidate
mawile, steel, sheer-force
mawile, fairy, hyper-cutter
mawile, fairy, intimidate
mawile, fairy, sheer-force
aron, steel, sturdy
aron, steel, rock-head
aron, steel, heavy-metal
aron, rock, sturdy
aron, rock, rock-head
aron, rock, heavy-metal
lairon, steel, sturdy
lairon, steel, rock-head
lairon, steel, heavy-metal
lairon, rock, sturdy
lairon, rock, rock-head
lairon, rock, heavy-metal
aggron, steel, sturdy
aggron, steel, rock-head
aggron, steel, heavy-metal
aggron, rock, sturdy
aggron, rock, rock-head
aggron, rock, heavy-metal
meditite, fighting, pure-power
meditite, fighting, telepathy
meditite, psychic, pure-power
meditite, psychic, telepathy
medicham, fighting, pure-power
medicham, fighting, telepathy
medicham, psychic, pure-power
medicham, psychic, telepathy
electrike, electric, static
electrike, electric, lightning-rod
electrike, electric, minus
manectric, electric, static
manectric, electric, lightning-rod
manectric, electric, minus
plusle, electric, plus
plusle, electric, lightning-rod
minun, electric, minus
minun, electric, volt-absorb
volbeat, bug, illuminate
volbeat, bug, swarm
volbeat, bug, prankster
illumise, bug, oblivious
illumise, bug, tinted-lens
illumise, bug, prankster
roselia, grass, natural-cure
roselia, grass, poison-point
roselia, grass, leaf-guard
roselia, poison, natural-cure
roselia, poison, poison-point
roselia, poison, leaf-guard
gulpin, poison, liquid-ooze
gulpin, poison, sticky-hold
gulpin, poison, gluttony
swalot, poison, liquid-ooze
swalot, poison, sticky-hold
swalot, poison, gluttony
carvanha, water, rough-skin
carvanha, water, speed-boost
carvanha, dark, rough-skin
carvanha, dark, speed-boost
sharpedo, water, rough-skin
sharpedo, water, speed-boost
sharpedo, dark, rough-skin
sharpedo, dark, speed-boost
wailmer, water, water-veil
wailmer, water, oblivious
wailmer, water, pressure
wailord, water, water-veil
wailord, water, oblivious
wailord, water, pressure
numel, fire, oblivious
numel, fire, simple
numel, fire, own-tempo
numel, ground, oblivious
numel, ground, simple
numel, ground, own-tempo
camerupt, fire, magma-armor
camerupt, fire, solid-rock
camerupt, fire, anger-point
camerupt, ground, magma-armor
camerupt, ground, solid-rock
camerupt, ground, anger-point
torkoal, fire, white-smoke
torkoal, fire, drought
torkoal, fire, shell-armor
spoink, psychic, thick-fat
spoink, psychic, own-tempo
spoink, psychic, gluttony
grumpig, psychic, thick-fat
grumpig, psychic, own-tempo
grumpig, psychic, gluttony
spinda, normal, own-tempo
spinda, normal, tangled-feet
spinda, normal, contrary
trapinch, ground, hyper-cutter
trapinch, ground, arena-trap
trapinch, ground, sheer-force
vibrava, ground, levitate
vibrava, dragon, levitate
flygon, ground, levitate
flygon, dragon, levitate
cacnea, grass, sand-veil
cacnea, grass, water-absorb
cacturne, grass, sand-veil
cacturne, grass, water-absorb
cacturne, dark, sand-veil
cacturne, dark, water-absorb
swablu, normal, natural-cure
swablu, normal, cloud-nine
swablu, flying, natural-cure
swablu, flying, cloud-nine
altaria, dragon, natural-cure
altaria, dragon, cloud-nine
altaria, flying, natural-cure
altaria, flying, cloud-nine
zangoose, normal, immunity
zangoose, normal, toxic-boost
seviper, poison, shed-skin
seviper, poison, infiltrator
lunatone, rock, levitate
lunatone, psychic, levitate
solrock, rock, levitate
solrock, psychic, levitate
barboach, water, oblivious
barboach, water, anticipation
barboach, water, hydration
barboach, ground, oblivious
barboach, ground, anticipation
barboach, ground, hydration
whiscash, water, oblivious
whiscash, water, anticipation
whiscash, water, hydration
whiscash, ground, oblivious
whiscash, ground, anticipation
whiscash, ground, hydration
corphish, water, hyper-cutter
corphish, water, shell-armor
corphish, water, adaptability
crawdaunt, water, hyper-cutter
crawdaunt, water, shell-armor
crawdaunt, water, adaptability
crawdaunt, dark, hyper-cutter
crawdaunt, dark, shell-armor
crawdaunt, dark, adaptability
baltoy, ground, levitate
baltoy, psychic, levitate
claydol, ground, levitate
claydol, psychic, levitate
lileep, rock, suction-cups
lileep, rock, storm-drain
lileep, grass, suction-cups
lileep, grass, storm-drain
cradily, rock, suction-cups
cradily, rock, storm-drain
cradily, grass, suction-cups
cradily, grass, storm-drain
anorith, rock, battle-armor
anorith, rock, swift-swim
anorith, bug, battle-armor
anorith, bug, swift-swim
armaldo, rock, battle-armor
armaldo, rock, swift-swim
armaldo, bug, battle-armor
armaldo, bug, swift-swim
feebas, water, swift-swim
feebas, water, oblivious
feebas, water, adaptability
milotic, water, marvel-scale
milotic, water, competitive
milotic, water, cute-charm
castform, normal, forecast
kecleon, normal, color-change
kecleon, normal, protean
shuppet, ghost, insomnia
shuppet, ghost, frisk
shuppet, ghost, cursed-body
banette, ghost, insomnia
banette, ghost, frisk
banette, ghost, cursed-body
duskull, ghost, levitate
duskull, ghost, frisk
dusclops, ghost, pressure
dusclops, ghost, frisk
tropius, grass, chlorophyll
tropius, grass, solar-power
tropius, grass, harvest
tropius, flying, chlorophyll
tropius, flying, solar-power
tropius, flying, harvest
chimecho, psychic, levitate
absol, dark, pressure
absol, dark, super-luck
absol, dark, justified
wynaut, psychic, shadow-tag
wynaut, psychic, telepathy
snorunt, ice, inner-focus
snorunt, ice, ice-body
snorunt, ice, moody
glalie, ice, inner-focus
glalie, ice, ice-body
glalie, ice, moody
spheal, ice, thick-fat
spheal, ice, ice-body
spheal, ice, oblivious
spheal, water, thick-fat
spheal, water, ice-body
spheal, water, oblivious
sealeo, ice, thick-fat
sealeo, ice, ice-body
sealeo, ice, oblivious
sealeo, water, thick-fat
sealeo, water, ice-body
sealeo, water, oblivious
walrein, ice, thick-fat
walrein, ice, ice-body
walrein, ice, oblivious
walrein, water, thick-fat
walrein, water, ice-body
walrein, water, oblivious
clamperl, water, shell-armor
clamperl, water, rattled
huntail, water, swift-swim
huntail, water, water-veil
gorebyss, water, swift-swim
gorebyss, water, hydration
relicanth, water, swift-swim
relicanth, water, rock-head
relicanth, water, sturdy
relicanth, rock, swift-swim
relicanth, rock, rock-head
relicanth, rock, sturdy
luvdisc, water, swift-swim
luvdisc, water, hydration
bagon, dragon, rock-head
bagon, dragon, sheer-force
shelgon, dragon, rock-head
shelgon, dragon, overcoat
salamence, dragon, intimidate
salamence, dragon, moxie
salamence, flying, intimidate
salamence, flying, moxie
beldum, steel, clear-body
beldum, steel, light-metal
beldum, psychic, clear-body
beldum, psychic, light-metal
metang, steel, clear-body
metang, steel, light-metal
metang, psychic, clear-body
metang, psychic, light-metal
metagross, steel, clear-body
metagross, steel, light-metal
metagross, psychic, clear-body
metagross, psychic, light-metal
regirock, rock, clear-body
regirock, rock, sturdy
regice, ice, clear-body
regice, ice, ice-body
registeel, steel, clear-body
registeel, steel, light-metal
latias, dragon, levitate
latias, psychic, levitate
latios, dragon, levitate
latios, psychic, levitate
kyogre, water, drizzle
groudon, ground, drought
rayquaza, dragon, air-lock
rayquaza, flying, air-lock
jirachi, steel, serene-grace
jirachi, psychic, serene-grace
deoxys, psychic, pressure
turtwig, grass, overgrow
turtwig, grass, shell-armor
grotle, grass, overgrow
grotle, grass, shell-armor
torterra, grass, overgrow
torterra, grass, shell-armor
torterra, ground, overgrow
torterra, ground, shell-armor
chimchar, fire, blaze
chimchar, fire, iron-fist
monferno, fire, blaze
monferno, fire, iron-fist
monferno, fighting, blaze
monferno, fighting, iron-fist
infernape, fire, blaze
infernape, fire, iron-fist
infernape, fighting, blaze
infernape, fighting, iron-fist
piplup, water, torrent
piplup, water, defiant
prinplup, water, torrent
prinplup, water, defiant
empoleon, water, torrent
empoleon, water, defiant
empoleon, steel, torrent
empoleon, steel, defiant
starly, normal, keen-eye
starly, normal, reckless
starly, flying, keen-eye
starly, flying, reckless
staravia, normal, intimidate
staravia, normal, reckless
staravia, flying, intimidate
staravia, flying, reckless
staraptor, normal, intimidate
staraptor, normal, reckless
staraptor, flying, intimidate
staraptor, flying, reckless
bidoof, normal, simple
bidoof, normal, unaware
bidoof, normal, moody
bibarel, normal, simple
bibarel, normal, unaware
bibarel, normal, moody
bibarel, water, simple
bibarel, water, unaware
bibarel, water, moody
kricketot, bug, shed-skin
kricketot, bug, run-away
kricketune, bug, swarm
kricketune, bug, technician
shinx, electric, rivalry
shinx, electric, intimidate
shinx, electric, guts
luxio, electric, rivalry
luxio, electric, intimidate
luxio, electric, guts
luxray, electric, rivalry
luxray, electric, intimidate
luxray, electric, guts
budew, grass, natural-cure
budew, grass, poison-point
budew, grass, leaf-guard
budew, poison, natural-cure
budew, poison, poison-point
budew, poison, leaf-guard
roserade, grass, natural-cure
roserade, grass, poison-point
roserade, grass, technician
roserade, poison, natural-cure
roserade, poison, poison-point
roserade, poison, technician
cranidos, rock, mold-breaker
cranidos, rock, sheer-force
rampardos, rock, mold-breaker
rampardos, rock, sheer-force
shieldon, rock, sturdy
shieldon, rock, soundproof
shieldon, steel, sturdy
shieldon, steel, soundproof
bastiodon, rock, sturdy
bastiodon, rock, soundproof
bastiodon, steel, sturdy
bastiodon, steel, soundproof
burmy, bug, shed-skin
burmy, bug, overcoat
wormadam, bug, anticipation
wormadam, bug, overcoat
wormadam, grass, anticipation
wormadam, grass, overcoat
mothim, bug, swarm
mothim, bug, tinted-lens
mothim, flying, swarm
mothim, flying, tinted-lens
combee, bug, honey-gather
combee, bug, hustle
combee, flying, honey-gather
combee, flying, hustle
vespiquen, bug, pressure
vespiquen, bug, unnerve
vespiquen, flying, pressure
vespiquen, flying, unnerve
pachirisu, electric, run-away
pachirisu, electric, pickup
pachirisu, electric, volt-absorb
buizel, water, swift-swim
buizel, water, water-veil
floatzel, water, swift-swim
floatzel, water, water-veil
cherubi, grass, chlorophyll
cherrim, grass, flower-gift
shellos, water, sticky-hold
shellos, water, storm-drain
shellos, water, sand-force
gastrodon, water, sticky-hold
gastrodon, water, storm-drain
gastrodon, water, sand-force
gastrodon, ground, sticky-hold
gastrodon, ground, storm-drain
gastrodon, ground, sand-force
ambipom, normal, technician
ambipom, normal, pickup
ambipom, normal, skill-link
drifloon, ghost, aftermath
drifloon, ghost, unburden
drifloon, ghost, flare-boost
drifloon, flying, aftermath
drifloon, flying, unburden
drifloon, flying, flare-boost
drifblim, ghost, aftermath
drifblim, ghost, unburden
drifblim, ghost, flare-boost
drifblim, flying, aftermath
drifblim, flying, unburden
drifblim, flying, flare-boost
buneary, normal, run-away
buneary, normal, klutz
buneary, normal, limber
lopunny, normal, cute-charm
lopunny, normal, klutz
lopunny, normal, limber
mismagius, ghost, levitate
honchkrow, dark, insomnia
honchkrow, dark, super-luck
honchkrow, dark, moxie
honchkrow, flying, insomnia
honchkrow, flying, super-luck
honchkrow, flying, moxie
glameow, normal, limber
glameow, normal, own-tempo
glameow, normal, keen-eye
purugly, normal, thick-fat
purugly, normal, own-tempo
purugly, normal, defiant
chingling, psychic, levitate
stunky, poison, stench
stunky, poison, aftermath
stunky, poison, keen-eye
stunky, dark, stench
stunky, dark, aftermath
stunky, dark, keen-eye
skuntank, poison, stench
skuntank, poison, aftermath
skuntank, poison, keen-eye
skuntank, dark, stench
skuntank, dark, aftermath
skuntank, dark, keen-eye
bronzor, steel, levitate
bronzor, steel, heatproof
bronzor, steel, heavy-metal
bronzor, psychic, levitate
bronzor, psychic, heatproof
bronzor, psychic, heavy-metal
bronzong, steel, levitate
bronzong, steel, heatproof
bronzong, steel, heavy-metal
bronzong, psychic, levitate
bronzong, psychic, heatproof
bronzong, psychic, heavy-metal
bonsly, rock, sturdy
bonsly, rock, rock-head
bonsly, rock, rattled
mime-jr, psychic, soundproof
mime-jr, psychic, filter
mime-jr, psychic, technician
mime-jr, fairy, soundproof
mime-jr, fairy, filter
mime-jr, fairy, technician
happiny, normal, natural-cure
happiny, normal, serene-grace
happiny, normal, friend-guard
chatot, normal, keen-eye
chatot, normal, tangled-feet
chatot, normal, big-pecks
chatot, flying, keen-eye
chatot, flying, tangled-feet
chatot, flying, big-pecks
spiritomb, ghost, pressure
spiritomb, ghost, infiltrator
spiritomb, dark, pressure
spiritomb, dark, infiltrator
gible, dragon, sand-veil
gible, dragon, rough-skin
gible, ground, sand-veil
gible, ground, rough-skin
gabite, dragon, sand-veil
gabite, dragon, rough-skin
gabite, ground, sand-veil
gabite, ground, rough-skin
garchomp, dragon, sand-veil
garchomp, dragon, rough-skin
garchomp, ground, sand-veil
garchomp, ground, rough-skin
munchlax, normal, pickup
munchlax, normal, thick-fat
munchlax, normal, gluttony
riolu, fighting, steadfast
riolu, fighting, inner-focus
riolu, fighting, prankster
lucario, fighting, steadfast
lucario, fighting, inner-focus
lucario, fighting, justified
lucario, steel, steadfast
lucario, steel, inner-focus
lucario, steel, justified
hippopotas, ground, sand-stream
hippopotas, ground, sand-force
hippowdon, ground, sand-stream
hippowdon, ground, sand-force
skorupi, poison, battle-armor
skorupi, poison, sniper
skorupi, poison, keen-eye
skorupi, bug, battle-armor
skorupi, bug, sniper
skorupi, bug, keen-eye
drapion, poison, battle-armor
drapion, poison, sniper
drapion, poison, keen-eye
drapion, dark, battle-armor
drapion, dark, sniper
drapion, dark, keen-eye
croagunk, poison, anticipation
croagunk, poison, dry-skin
croagunk, poison, poison-touch
croagunk, fighting, anticipation
croagunk, fighting, dry-skin
croagunk, fighting, poison-touch
toxicroak, poison, anticipation
toxicroak, poison, dry-skin
toxicroak, poison, poison-touch
toxicroak, fighting, anticipation
toxicroak, fighting, dry-skin
toxicroak, fighting, poison-touch
carnivine, grass, levitate
finneon, water, swift-swim
finneon, water, storm-drain
finneon, water, water-veil
lumineon, water, swift-swim
lumineon, water, storm-drain
lumineon, water, water-veil
mantyke, water, swift-swim
mantyke, water, water-absorb
mantyke, water, water-veil
mantyke, flying, swift-swim
mantyke, flying, water-absorb
mantyke, flying, water-veil
snover, grass, snow-warning
snover, grass, soundproof
snover, ice, snow-warning
snover, ice, soundproof
abomasnow, grass, snow-warning
abomasnow, grass, soundproof
abomasnow, ice, snow-warning
abomasnow, ice, soundproof
weavile, dark, pressure
weavile, dark, pickpocket
weavile, ice, pressure
weavile, ice, pickpocket
magnezone, electric, magnet-pull
magnezone, electric, sturdy
magnezone, electric, analytic
magnezone, steel, magnet-pull
magnezone, steel, sturdy
magnezone, steel, analytic
lickilicky, normal, own-tempo
lickilicky, normal, oblivious
lickilicky, normal, cloud-nine
rhyperior, ground, lightning-rod
rhyperior, ground, solid-rock
rhyperior, ground, reckless
rhyperior, rock, lightning-rod
rhyperior, rock, solid-rock
rhyperior, rock, reckless
tangrowth, grass, chlorophyll
tangrowth, grass, leaf-guard
tangrowth, grass, regenerator
electivire, electric, motor-drive
electivire, electric, vital-spirit
magmortar, fire, flame-body
magmortar, fire, vital-spirit
togekiss, fairy, hustle
togekiss, fairy, serene-grace
togekiss, fairy, super-luck
togekiss, flying, hustle
togekiss, flying, serene-grace
togekiss, flying, super-luck
yanmega, bug, speed-boost
yanmega, bug, tinted-lens
yanmega, bug, frisk
yanmega, flying, speed-boost
yanmega, flying, tinted-lens
yanmega, flying, frisk
leafeon, grass, leaf-guard
leafeon, grass, chlorophyll
glaceon, ice, snow-cloak
glaceon, ice, ice-body
gliscor, ground, hyper-cutter
gliscor, ground, sand-veil
gliscor, ground, poison-heal
gliscor, flying, hyper-cutter
gliscor, flying, sand-veil
gliscor, flying, poison-heal
mamoswine, ice, oblivious
mamoswine, ice, snow-cloak
mamoswine, ice, thick-fat
mamoswine, ground, oblivious
mamoswine, ground, snow-cloak
mamoswine, ground, thick-fat
porygon-z, normal, adaptability
porygon-z, normal, download
porygon-z, normal, analytic
gallade, psychic, steadfast
gallade, psychic, justified
gallade, fighting, steadfast
gallade, fighting, justified
probopass, rock, sturdy
probopass, rock, magnet-pull
probopass, rock, sand-force
probopass, steel, sturdy
probopass, steel, magnet-pull
probopass, steel, sand-force
dusknoir, ghost, pressure
dusknoir, ghost, frisk
froslass, ice, snow-cloak
froslass, ice, cursed-body
froslass, ghost, snow-cloak
froslass, ghost, cursed-body
rotom, electric, levitate
rotom, ghost, levitate
uxie, psychic, levitate
mesprit, psychic, levitate
azelf, psychic, levitate
dialga, steel, pressure
dialga, steel, telepathy
dialga, dragon, pressure
dialga, dragon, telepathy
palkia, water, pressure
palkia, water, telepathy
palkia, dragon, pressure
palkia, dragon, telepathy
heatran, fire, flash-fire
heatran, fire, flame-body
heatran, steel, flash-fire
heatran, steel, flame-body
regigigas, normal, slow-start
giratina, ghost, pressure
giratina, ghost, telepathy
giratina, dragon, pressure
giratina, dragon, telepathy
cresselia, psychic, levitate
phione, water, hydration
manaphy, water, hydration
darkrai, dark, bad-dreams
shaymin, grass, natural-cure
arceus, normal, multitype
victini, psychic, victory-star
victini, fire, victory-star
snivy, grass, overgrow
snivy, grass, contrary
servine, grass, overgrow
servine, grass, contrary
serperior, grass, overgrow
serperior, grass, contrary
tepig, fire, blaze
tepig, fire, thick-fat
pignite, fire, blaze
pignite, fire, thick-fat
pignite, fighting, blaze
pignite, fighting, thick-fat
emboar, fire, blaze
emboar, fire, reckless
emboar, fighting, blaze
emboar, fighting, reckless
oshawott, water, torrent
oshawott, water, shell-armor
dewott, water, torrent
dewott, water, shell-armor
samurott, water, torrent
samurott, water, shell-armor
patrat, normal, run-away
patrat, normal, keen-eye
patrat, normal, analytic
watchog, normal, illuminate
watchog, normal, keen-eye
watchog, normal, analytic
lillipup, normal, vital-spirit
lillipup, normal, pickup
lillipup, normal, run-away
herdier, normal, intimidate
herdier, normal, sand-rush
herdier, normal, scrappy
stoutland, normal, intimidate
stoutland, normal, sand-rush
stoutland, normal, scrappy
purrloin, dark, limber
purrloin, dark, unburden
purrloin, dark, prankster
liepard, dark, limber
liepard, dark, unburden
liepard, dark, prankster
pansage, grass, gluttony
pansage, grass, overgrow
simisage, grass, gluttony
simisage, grass, overgrow
pansear, fire, gluttony
pansear, fire, blaze
simisear, fire, gluttony
simisear, fire, blaze
panpour, water, gluttony
panpour, water, torrent
simipour, water, gluttony
simipour, water, torrent
munna, psychic, forewarn
munna, psychic, synchronize
munna, psychic, telepathy
musharna, psychic, forewarn
musharna, psychic, synchronize
musharna, psychic, telepathy
pidove, normal, big-pecks
pidove, normal, super-luck
pidove, normal, rivalry
pidove, flying, big-pecks
pidove, flying, super-luck
pidove, flying, rivalry
